{"indexes":[{"v":{"$numberInt":"2"},"key":{"_id":{"$numberInt":"1"}},"name":"_id_","ns":"CorasCloud_WorkFlow.Bookmarks"},{"v":{"$numberInt":"2"},"key":{"TenantId":{"$numberInt":"1"}},"name":"TenantId_1","ns":"CorasCloud_WorkFlow.Bookmarks"},{"v":{"$numberInt":"2"},"key":{"ActivityType":{"$numberInt":"1"}},"name":"ActivityType_1","ns":"CorasCloud_WorkFlow.Bookmarks"},{"v":{"$numberInt":"2"},"key":{"Hash":{"$numberInt":"1"}},"name":"Hash_1","ns":"CorasCloud_WorkFlow.Bookmarks"},{"v":{"$numberInt":"2"},"key":{"WorkflowInstanceId":{"$numberInt":"1"}},"name":"WorkflowInstanceId_1","ns":"CorasCloud_WorkFlow.Bookmarks"},{"v":{"$numberInt":"2"},"key":{"CorrelationId":{"$numberInt":"1"}},"name":"CorrelationId_1","ns":"CorasCloud_WorkFlow.Bookmarks"}],"uuid":"f67aa08380e54fa9a1c66e6fdd5e0004","collectionName":"Bookmarks"}