{"indexes":[{"v":{"$numberInt":"2"},"key":{"_id":{"$numberInt":"1"}},"name":"_id_","ns":"CorasCloud_WorkFlow.WorkflowDefinitions"},{"v":{"$numberInt":"2"},"key":{"TenantId":{"$numberInt":"1"}},"name":"TenantId_1","ns":"CorasCloud_WorkFlow.WorkflowDefinitions"},{"v":{"$numberInt":"2"},"key":{"DefinitionId":{"$numberInt":"1"}},"name":"DefinitionId_1","ns":"CorasCloud_WorkFlow.WorkflowDefinitions"},{"v":{"$numberInt":"2"},"key":{"Version":{"$numberInt":"1"}},"name":"Version_1","ns":"CorasCloud_WorkFlow.WorkflowDefinitions"},{"v":{"$numberInt":"2"},"key":{"Name":{"$numberInt":"1"}},"name":"Name_1","ns":"CorasCloud_WorkFlow.WorkflowDefinitions"},{"v":{"$numberInt":"2"},"key":{"Tag":{"$numberInt":"1"}},"name":"Tag_1","ns":"CorasCloud_WorkFlow.WorkflowDefinitions"},{"v":{"$numberInt":"2"},"unique":true,"key":{"DefinitionId":{"$numberInt":"1"},"Version":{"$numberInt":"1"}},"name":"DefinitionId_1_Version_1","ns":"CorasCloud_WorkFlow.WorkflowDefinitions"}],"uuid":"b5d237ff2a2e442da8454cb5892285fe","collectionName":"WorkflowDefinitions"}