{"indexes":[{"v":{"$numberInt":"2"},"key":{"_id":{"$numberInt":"1"}},"name":"_id_","ns":"CorasCloud_WorkFlow.WorkflowExecutionLog"},{"v":{"$numberInt":"2"},"key":{"TenantId":{"$numberInt":"1"}},"name":"TenantId_1","ns":"CorasCloud_WorkFlow.WorkflowExecutionLog"},{"v":{"$numberInt":"2"},"key":{"WorkflowInstanceId":{"$numberInt":"1"}},"name":"WorkflowInstanceId_1","ns":"CorasCloud_WorkFlow.WorkflowExecutionLog"},{"v":{"$numberInt":"2"},"key":{"Timestamp":{"$numberInt":"1"}},"name":"Timestamp_1","ns":"CorasCloud_WorkFlow.WorkflowExecutionLog"}],"uuid":"7d4df9da726c431a87025bb4644fa760","collectionName":"WorkflowExecutionLog"}