{"indexes":[{"v":{"$numberInt":"2"},"key":{"_id":{"$numberInt":"1"}},"name":"_id_","ns":"CorasCloud_WorkFlow.WorkflowInstances"},{"v":{"$numberInt":"2"},"key":{"TenantId":{"$numberInt":"1"}},"name":"TenantId_1","ns":"CorasCloud_WorkFlow.WorkflowInstances"},{"v":{"$numberInt":"2"},"key":{"Version":{"$numberInt":"1"}},"name":"Version_1","ns":"CorasCloud_WorkFlow.WorkflowInstances"},{"v":{"$numberInt":"2"},"key":{"WorkflowStatus":{"$numberInt":"1"}},"name":"WorkflowStatus_1","ns":"CorasCloud_WorkFlow.WorkflowInstances"},{"v":{"$numberInt":"2"},"key":{"Name":{"$numberInt":"1"}},"name":"Name_1","ns":"CorasCloud_WorkFlow.WorkflowInstances"},{"v":{"$numberInt":"2"},"key":{"ContextId":{"$numberInt":"1"}},"name":"ContextId_1","ns":"CorasCloud_WorkFlow.WorkflowInstances"},{"v":{"$numberInt":"2"},"key":{"ContextType":{"$numberInt":"1"}},"name":"ContextType_1","ns":"CorasCloud_WorkFlow.WorkflowInstances"},{"v":{"$numberInt":"2"},"key":{"CorrelationId":{"$numberInt":"1"}},"name":"CorrelationId_1","ns":"CorasCloud_WorkFlow.WorkflowInstances"},{"v":{"$numberInt":"2"},"key":{"CreatedAt":{"$numberInt":"1"}},"name":"CreatedAt_1","ns":"CorasCloud_WorkFlow.WorkflowInstances"},{"v":{"$numberInt":"2"},"key":{"DefinitionId":{"$numberInt":"1"}},"name":"DefinitionId_1","ns":"CorasCloud_WorkFlow.WorkflowInstances"},{"v":{"$numberInt":"2"},"key":{"FaultedAt":{"$numberInt":"1"}},"name":"FaultedAt_1","ns":"CorasCloud_WorkFlow.WorkflowInstances"},{"v":{"$numberInt":"2"},"key":{"FinishedAt":{"$numberInt":"1"}},"name":"FinishedAt_1","ns":"CorasCloud_WorkFlow.WorkflowInstances"},{"v":{"$numberInt":"2"},"key":{"LastExecutedAt":{"$numberInt":"1"}},"name":"LastExecutedAt_1","ns":"CorasCloud_WorkFlow.WorkflowInstances"},{"v":{"$numberInt":"2"},"key":{"WorkflowStatus":{"$numberInt":"1"},"DefinitionId":{"$numberInt":"1"},"Version":{"$numberInt":"1"}},"name":"WorkflowStatus_1_DefinitionId_1_Version_1","ns":"CorasCloud_WorkFlow.WorkflowInstances"},{"v":{"$numberInt":"2"},"key":{"WorkflowStatus":{"$numberInt":"1"},"DefinitionId":{"$numberInt":"1"}},"name":"WorkflowStatus_1_DefinitionId_1","ns":"CorasCloud_WorkFlow.WorkflowInstances"},{"v":{"$numberInt":"2"},"key":{"DefinitionId":{"$numberInt":"1"},"Version":{"$numberInt":"1"},"WorkflowStatus":{"$numberInt":"1"}},"name":"DefinitionId_1_Version_1_WorkflowStatus_1","ns":"CorasCloud_WorkFlow.WorkflowInstances"},{"v":{"$numberInt":"2"},"key":{"DefinitionId":{"$numberInt":"1"},"WorkflowStatus":{"$numberInt":"1"}},"name":"DefinitionId_1_WorkflowStatus_1","ns":"CorasCloud_WorkFlow.WorkflowInstances"}],"uuid":"5b2dc25fef67464f8a1e5c36695b600a","collectionName":"WorkflowInstances"}